firstname,lastname,email,phone,company_name,region,role,editeur,contact_type
Lucie,Marie,patrick32@labbe.com,03 00 13 38 90,Auger Delahaye et Fils,Saint-Pierre-et-Miquelon,conservateur territorial de bibliothèques,S.A.R.L.,Person
Jacqueline,Lopes,marthebriand@lopes.com,+33 5 51 16 15 59,Bertrand,Saint-Martin,opérateur sur machine à commande numérique,SA,Person
Alexandria,Chevalier,hortense31@gmail.com,+33 6 41 31 64 75,Lemaître Monnier S.A.,Pays-de-Loire,technicien plasturgiste,et Fils,Person
Madeleine,Guérin,isaacpinto@dupuy.net,0403056413,Lecomte,Polynésie française,ingénieur en fonderie,et Fils,Person
Céline,Meunier,paulvallet@bouygtel.fr,03 96 53 28 71,Masson S.A.,Languedoc-Roussillon,technicien de contrôle,S.A.R.L.,Person
Jeannine,Andre,dgodard@wanadoo.fr,0180184514,Barbier,Saint-Martin,accompagnateur de tourisme équestre,et Fils,Person
Michelle,Charles,toussainttheophile@brunet.com,0470154303,Clément et Fils,Polynésie française,assistant de gestion en PME,S.A.S.,Person
Pauline,Marchand,kdias@evrard.fr,+33 5 83 46 57 87,Hoarau S.A.,Bretagne,généalogiste,SA,Person
Jacqueline,Lenoir,aimeguerin@rolland.com,0518347382,Berger,Wallis-et-Futuna,"ingénieur fluides, énergies, réseaux, environnement",S.A.,Person
Étienne,Pereira,audrey67@gmail.com,+33 (0)6 06 51 33 38,Joly,Mayotte,commissaire-priseur,SARL,Person
Célina,Menard,gdias@gilles.com,+33 (0)5 32 67 73 60,Gillet Bernard S.A.R.L.,Haute-Normandie,installateur en télécoms,SARL,Person
Audrey,Grenier,laurentcollet@sfr.fr,+33 (0)3 98 05 00 97,Boyer Grégoire SA,Limousin,assistant de gestion en PME,S.A.S.,Person
Daniel,Parent,kmathieu@delorme.com,02 99 85 43 53,Delaunay,Franche-Comté,technicien automobile,et Fils,Person
Théophile,Albert,petitceline@yahoo.fr,+33 (0)4 83 84 25 13,Jacquet,Languedoc-Roussillon,ingénieur système,S.A.S.,Person
Maryse,Hernandez,margaud12@ferreira.com,+33 1 44 93 53 48,Deschamps,Bourgogne,barman,et Fils,Person
Audrey,Baron,le-rouxpenelope@diaz.fr,03 80 11 28 05,Perret Rodriguez SA,Poitou-Charentes,infirmier,SA,Person
Agathe,Lacroix,monnierrenee@legendre.com,+33 8 02 26 02 56,Da Costa Leroux et Fils,Champagne-Ardenne,ingénieur de la police technique et scientifique,SA,Person
Charlotte,Louis,tmarty@hubert.net,01 54 14 58 68,Leroy,Corse,directeur artistique,S.A.,Person
Inès,Aubry,godardbernadette@chauveau.fr,03 98 16 93 40,Martin,Lorraine,illustrateur,S.A.R.L.,Person
Daniel,Chartier,margaud14@wanadoo.fr,0365648236,Labbé,Limousin,responsable du soutien logistique intégré,S.A.S.,Person
Thibaut,Lebon,sebastien36@turpin.fr,04 38 72 14 89,Morin,Basse-Normandie,technicien biologiste,SARL,Person
Maurice,Philippe,lambertpatrick@bourdon.com,05 69 36 76 32,Hamel SA,Mayotte,conservateur du patrimoine,S.A.,Person
Suzanne,Grenier,pascalpaul@yahoo.fr,05 27 88 95 79,Lévy,Saint-Barthélémy,chef de projet éolien,et Fils,Person
Christelle,Lebreton,zoediaz@bouygtel.fr,08 03 47 14 34,Julien,Centre,chaudronnier,S.A.,Person
Nicolas,Jacob,christophelegros@remy.fr,02 03 66 90 96,Robert,Guadeloupe,ergonome,S.A.R.L.,Person
Dominique,Humbert,rvasseur@vallee.com,01 56 27 29 80,Allain,Aquitaine,auditeur externe,et Fils,Person
Aurélie,Dufour,benoitbertin@ifrance.com,0437556464,Lelièvre SA,Bourgogne,gérant de portefeuille,S.A.,Person
Manon,Muller,hoarauluc@loiseau.net,+33 1 71 93 74 52,Merle S.A.,Poitou-Charentes,caissier,S.A.S.,Person
André,Langlois,mauger@hotmail.fr,+33 8 01 49 19 05,Peltier,Martinique,assistant de gestion en PME,S.A.S.,Person
Madeleine,Leblanc,gcamus@etienne.fr,+33 1 62 84 98 77,Foucher,Pays-de-Loire,gardien de police municipale,S.A.,Person
Véronique,Fernandez,wberger@tele2.fr,01 50 75 27 35,Leblanc,Pays-de-Loire,responsable de formation,et Fils,Person
Robert,Berthelot,emileguillot@camus.net,06 77 01 43 63,Dupré,Martinique,mandataire judiciaire,S.A.S.,Person
Éléonore,Barre,adrienne74@club-internet.fr,0131351823,Rousset Guillet SARL,Picardie,botaniste,S.A.,Person
Théodore,Dumas,thibautgarcia@laposte.net,0100842710,Lelièvre,Wallis-et-Futuna,ingénieur technico-commercial technico-commerciale en chimie,SARL,Person
Julien,Roux,enoel@ifrance.com,08 01 90 22 94,Menard SA,Saint-Pierre-et-Miquelon,responsable de réseau d'assainissement,S.A.S.,Person
Sophie,Maurice,clebreton@pruvost.fr,0399091334,Barbier S.A.,Limousin,peintre en bâtiment,SA,Person
Hugues,Bernard,mlagarde@tiscali.fr,0203447134,Lamy Noël S.A.S.,Nord-Pas-de-Calais,soigneur d'animaux,S.A.,Person
René,Blanchard,gaillardsophie@valentin.org,04 17 46 48 87,Faure,Auvergne,ingénieur radioprotection,et Fils,Person
Tristan,Texier,robinmichel@voila.fr,0190278742,Bousquet,Polynésie française,bactériologiste,S.A.R.L.,Person
Adèle,Lejeune,marguerite12@dbmail.com,02 74 68 07 15,Breton,Corse,ingénieur environnement,S.A.S.,Person
Valérie,Martin,mvincent@wanadoo.fr,0809770348,Hervé Navarro et Fils,Polynésie française,chargé d'études ressources humaines,SA,Person
Louise,Raynaud,thierrycourtois@courtois.com,+33 6 17 12 74 84,Guillet,Wallis-et-Futuna,costumier,S.A.R.L.,Person
Françoise,Rodrigues,josephinegregoire@laposte.net,+33 (0)4 46 58 40 44,Gérard,Saint-Barthélémy,orthodontiste,S.A.R.L.,Person
Adélaïde,Le Roux,mlebrun@orange.fr,01 36 05 76 62,Da Silva,Franche-Comté,monteur-câbleur,S.A.S.,Person
Vincent,Roussel,lainececile@voila.fr,+33 1 62 17 45 96,Boulanger et Fils,Guyane,formateur en informatique,et Fils,Person
Michelle,Thierry,mauricedaniel@orange.fr,0231611724,Lambert SARL,Bourgogne,enseignant humanitaire,SARL,Person
Alix,Perret,eleonorebouchet@picard.fr,+33 8 07 92 37 47,Martineau,Alsace,juriste en propriété intellectuelle,SARL,Person
Margaret,Morvan,pichonadelaide@riou.fr,0174367136,Bruneau,Picardie,technicien packaging,SARL,Person
Alphonse,Delmas,alain90@tiscali.fr,0239533942,Techer et Fils,Auvergne,facteur d'instruments,S.A.R.L.,Person
Arthur,Delorme,ericcollet@dbmail.com,02 23 28 58 84,Boucher Leduc SARL,Rhone-Alpes,chargé de recherche en recrutement,S.A.R.L.,Person
Denis,Blanchard,xpascal@delaunay.org,+33 (0)8 07 54 96 51,Georges Laurent S.A.S.,Province-Alpes-Côte d'Azur,responsable des ouvrages hydroélectriques,S.A.,Person
Madeleine,Andre,manon61@laposte.net,+33 (0)2 04 71 13 82,De Sousa,Martinique,tapissier d'ameublement,et Fils,Person
Marthe,Gimenez,arnaudebegue@yahoo.fr,08 09 64 05 37,Huet,Martinique,biostatisticien,et Fils,Person
Alexandrie,Devaux,chauvinrobert@sfr.fr,+33 (0)8 07 13 90 05,Marchand Moreno S.A.,Bretagne,pharmacien dans l'industrie,S.A.,Person
Jacqueline,Fabre,philippine29@baron.com,0121020539,Durand,Limousin,directeur d'hôtel,SA,Person
Gilbert,Traore,valletchristophe@tiscali.fr,04 58 91 78 39,Petitjean et Fils,Poitou-Charentes,journaliste reporter d'images,et Fils,Person
Antoine,Bonnet,rlaunay@yahoo.fr,08 07 11 59 21,Paris Ferrand et Fils,Province-Alpes-Côte d'Azur,ingénieur d'études en sûreté nucléaire,S.A.S.,Person
Éléonore,Cousin,yperrin@yahoo.fr,+33 5 67 36 57 66,Bouvier S.A.R.L.,Province-Alpes-Côte d'Azur,surveillant de centre pénitentiaire,SARL,Person
Alix,Brunet,robinveronique@hotmail.fr,+33 (0)5 61 52 80 98,Leconte,Corse,ingénieur gaz,SARL,Person
Margot,Hamel,hervejosephine@club-internet.fr,0619832731,Berthelot,Martinique,chargé de recherche en recrutement,SARL,Person
Henriette,Jean,raynaudmargaux@bouygtel.fr,+33 (0)1 24 45 50 22,Muller,Île-de-France,éclairagiste,et Fils,Person
Antoine,Robin,dhumbert@barbier.fr,0359910229,Parent SA,Pays-de-Loire,ingénieur technico-commercial technico-commerciale en électronique,et Fils,Person
Audrey,Vallée,nmaillard@wanadoo.fr,+33 (0)8 05 61 49 78,Lambert,Nord-Pas-de-Calais,ingénieur en construction navale,S.A.S.,Person
Bertrand,Robert,marcel24@millet.com,+33 (0)1 76 22 68 38,Guérin,Réunion,économe de flux,SA,Person
Bernadette,Moreau,bouvierhortense@noos.fr,01 64 16 05 29,Blot,Martinique,auxiliaire spécialisé vétérinaire,S.A.R.L.,Person
Camille,Gautier,zpruvost@delaunay.fr,+33 6 52 18 18 83,Marty,Île-de-France,contrôleur de performance,SA,Person
William,Boucher,josettebrunet@schmitt.fr,05 99 79 95 52,Mercier,Wallis-et-Futuna,ingénieur technico-commercial technico-commerciale en informatique,et Fils,Person
Thibaut,Paris,corinne14@sauvage.com,+33 (0)3 54 11 99 86,Blin,Auvergne,ingénieur électronicien électronicienne des systèmes de la sécurité aérienne (IESSA),S.A.S.,Person
Manon,Roche,jcharrier@gmail.com,04 15 18 20 37,Hardy,Languedoc-Roussillon,illustrateur,SARL,Person
Roland,Chevallier,margaret90@dbmail.com,+33 (0)4 51 86 44 92,Faure,Île-de-France,gérant de portefeuille,SARL,Person
Marcelle,Rocher,jeannineneveu@hotmail.fr,0386528168,Moreau,Martinique,facteur d'instruments,S.A.,Person
Marcel,Leblanc,mauricedos-santos@laposte.net,+33 (0)4 41 88 80 59,Godard Mallet S.A.,Languedoc-Roussillon,commerçant en alimentation,et Fils,Person
Pénélope,Ferrand,abertrand@labbe.net,04 94 73 83 47,Tessier Potier S.A.S.,Saint-Barthélémy,juge des enfants,SARL,Person
Renée,Weber,theresebourgeois@laposte.net,0107581814,Ledoux S.A.,Pays-de-Loire,ingénieur électronicien électronicienne des systèmes de la sécurité aérienne (IESSA),S.A.S.,Person
William,Nguyen,thereselebreton@michel.fr,+33 (0)3 68 53 61 53,Julien SA,Rhone-Alpes,chef de cultures légumières,S.A.,Person
Auguste,Renault,patriciamunoz@tiscali.fr,04 90 10 43 28,Masson,Picardie,contrôleur technique automobile,SARL,Person
Gérard,Rousseau,yriou@andre.com,08 09 80 89 32,Gilbert,Alsace,responsable du service après-vente,SARL,Person
Olivier,Masse,margotlaroche@hotmail.fr,0801888880,Lelièvre,Auvergne,sculpteur sur bois,S.A.R.L.,Person
Alix,Fleury,simone15@peron.com,0520585277,Dufour Andre et Fils,Saint-Martin,agronome,SARL,Person
Luc,Bertrand,gomesthierry@devaux.fr,0103450541,Nguyen,Réunion,économètre statisticien,S.A.R.L.,Person
Alice,Maillot,fjacquot@paul.org,+33 (0)5 61 69 28 45,Chevalier SARL,Picardie,expert immobilier immobilier,S.A.R.L.,Person
Josette,Wagner,mariehebert@live.com,04 05 96 40 16,Blanchet,Languedoc-Roussillon,agent de sûreté ferroviaire,S.A.,Person
Claude,Raynaud,marchanddaniel@orange.fr,0805690927,Guichard,Saint-Barthélémy,astrophysicien,S.A.S.,Person
Guillaume,Laporte,pbouvier@bouygtel.fr,+33 8 01 02 78 68,Charles SARL,Saint-Barthélémy,conseiller en économie sociale et familiale,S.A.S.,Person
Sébastien,Lemonnier,gerarddufour@hotmail.fr,04 27 15 51 88,Ribeiro,Languedoc-Roussillon,technico-commercial en agroalimentaire,et Fils,Person
Martine,Diaz,danielle31@joly.com,0808957829,François SARL,Réunion,traducteur technique,et Fils,Person
Christiane,Laine,ebruneau@laposte.net,0417785289,Lecoq Dumont S.A.R.L.,Nouvelle-Calédonie,aquaculteur,SA,Person
Diane,Brunet,isaacbreton@orange.fr,0684143842,Bonneau,Centre,monteur-câbleur,et Fils,Person
Jean,Allain,margauxferrand@thibault.com,+33 (0)1 10 94 39 69,Mahe et Fils,Picardie,secrétaire juridique,SARL,Person
Christine,Moulin,cecile10@free.fr,04 67 73 59 25,Peron,Guadeloupe,ingénieur en mécanique,S.A.,Person
Patricia,Lemaître,olivier71@lebreton.net,+33 1 10 46 96 32,Verdier,Province-Alpes-Côte d'Azur,concepteur multimédia,S.A.,Person
Colette,Buisson,fle-gall@voila.fr,+33 (0)5 68 73 39 50,Carre S.A.R.L.,Wallis-et-Futuna,employé d'élevage,S.A.S.,Person
Alain,Nicolas,remypetitjean@live.com,01 50 60 98 35,Legrand,Guyane,musicien,S.A.R.L.,Person
Paulette,Dias,rodriguezetienne@ifrance.com,0805852398,Charrier,Auvergne,animalier de laboratoire,SA,Person
Guillaume,Delannoy,dpaul@laposte.net,+33 1 59 52 69 49,Guillou,Nouvelle-Calédonie,opérateur de fabrication de produits alimentaires,S.A.R.L.,Person
Mathilde,Thibault,xdurand@dbmail.com,+33 (0)8 06 94 09 74,Mace Roux S.A.S.,Wallis-et-Futuna,chocolatier-confiseur,S.A.S.,Person
Louise,Mace,valentinebazin@orange.fr,+33 (0)2 91 30 75 62,Blot,Midi-Pyrénées,ingénieur gaz,S.A.S.,Person
Philippine,Raymond,munozguillaume@wanadoo.fr,+33 5 85 78 65 27,Morvan,Guadeloupe,technicien d'essais,et Fils,Person
Maggie,Weiss,polivier@bouygtel.fr,0334437575,Hervé,Corse,programmiste,et Fils,Person
Émilie,Gillet,penelope24@gmail.com,0215747338,Guilbert,Pays-de-Loire,charpentier métallique,SA,Person
